{"version": "2.0","name": "Droppy","subline": "Online multiple file sharing","username": "Proxibolt","created": "02/25/2015","website": "http://proxibolt.com","update": "03/02/2019","update_today": true,"email": "support@proxibolt.com","description": "Documentation of Droppy with quick start guide","intro": "","button_1_text": "","button_2_text": "","button_3_text": "","button_1_url": "","button_2_url": "","button_3_url": "","sections": [{"title": "Introduction","id": "introduction","content": "<p>\t<span style=\"margin: 0px; padding: 0px; border: 0px; outline: 0px; font-size: 13px; font-family: 'Helvetica Neue', Arial, Helvetica, sans-serif; vertical-align: baseline; color: rgb(56, 56, 56); line-height: 21.1200008392334px;\">Thank you for purchasing Droppy. If you have any questions then please feel free to send an email</span><span style=\"color: rgb(56, 56, 56); font-family: Arial, verdana, arial, sans-serif; line-height: 18px;\">&nbsp;via&nbsp;</span><a href=\"http://support.proxibolt.com/\" style=\"margin: 0px; padding: 0px; border: 0px; outline: 0px; font-family: Arial, verdana, arial, sans-serif; vertical-align: baseline; color: rgb(0, 0, 255); text-decoration: none; cursor: pointer; line-height: 18px;\">our support page</a><span style=\"color: rgb(56, 56, 56); font-family: Arial, verdana, arial, sans-serif; line-height: 18px;\">.</span></p>\n"},{"title": "Quick start","id": "quick_start","content": "<h3>\n\tInstallation:</h3>\n<ol>\n\t<li>\t\tUnzip the &quot;Files&quot; directory.</li>\n\t<li>\t\tOpen the application/config/database.php file and then:</li>\n\t<li>\t\tEnter your DB connection settings and save the file.</li>\n\t<li>\t\tUpload <strong>all&nbsp;</strong>the files inside the &quot;Files&quot; directory to your server. (including the modified database.php file)</li>\n\t<li>\t\tGo to your browser and go to http://yourwebsite.com/install</li>\n\t<li>\t\tFollow the installation steps.</li>\n\t<li>\t\tWhen the installation has been finished you can login to the admin panel with the login details you entered.</li>\n\t<li>\t\tWhen you are logged in you can change the settings to your need.</li>\n\t<li>\t\tWhen everything is done you need to create a cron job the points to the url &quot;http://yourdomain.com/cron&quot; file.</li>\n</ol>\n<p>\t&nbsp; &nbsp; &nbsp; &nbsp;Tutorial from Tutsplus about how to setup cron jobs (http://code.tutsplus.com/tutorials/managing-cron-jobs-with-php--net-19428)</p>\n<h3>\n\tUpload file(s):</h3>\n<p>\tIf you want to upload a file you need follow these steps:</p>\n<ol>\n\t<li>\t\tClick the &quot;Select file(s)&quot; button and choose the files you want to upload.</li>\n\t<li>\t\tFill in the emails you want to send the file(s) to. (If you don&#39;t want to send via email skip to step 4)</li>\n\t<li>\t\tFill in your email address.&nbsp;(If you don&#39;t want to send via email skip to step 4)</li>\n\t<li>\t\tFill in the message you want to send to the recipients.</li>\n\t<li>\t\tYou can click the little &quot;Gear&quot; in the bottom right corner this will open a section with upload options.</li>\n</ol>\n<h3>\n\tChange max upload size:</h3>\n<p>\tYou can change the maximum upload size of droppy in the admin panel go to:</p>\n<p>\tSettings&nbsp;<strong>-&gt;&nbsp;</strong>General settings and scroll down to &quot;Max upload size (MB)&quot;.</p>\n<p>\t&nbsp;</p>\n<p>\t&nbsp;</p>\n"},{"title": "Getting started","id": "getting_started","content": "<h3>\n\t#Requirements</h3>\n<p>\tBefore you&#39;re going to use Droppy you need to be sure that you have the following requirements:</p>\n<ul>\t<li>\t\tMySQL database</li>\n\t<li>\t\tRecommended to have the latest PHP version</li>\n\t<li>\t\tmod_rewrite enabled</li>\n\t<li>\t\tAccess to cron jobs</li>\n</ul>\n<p>\t&nbsp;</p>\n<h3>\n\t# Installation:</h3>\n<p>\tFirst you need to create a database follow this tutorial to create one using phpMyAdmin:</p>\n<p>\t<iframe frameborder=\"0\" height=\"400\" scrolling=\"no\" src=\"http://www.youtube.com/embed/Y7ZVWQFOuDQ\" width=\"700\"></iframe></p>\n<p>\tWhen the database has been located you can begin with installing Droppy</p>\n<p>\t<iframe frameborder=\"0\" height=\"400\" scrolling=\"no\" src=\"http://www.youtube.com/embed/p2ukqE7vEzo\" width=\"700\"></iframe></p>\n<p>\t&nbsp;</p>\n<ol>\n\t<li>\t\tUnzip the &quot;Files&quot; directory.</li>\n\t<li>\t\tOpen the application/config/database.php file with an editor of your choice</li>\n\t<li>\t\tReplace the #db_host# value with your host address<br>\n\t\tReplace the #db_username# with your database username<br>\n\t\tReplace the #db_password# with your database password<br>\n\t\tReplace the #db_name# with your database name</li>\n\t<li>\t\tUpload&nbsp;<strong>all&nbsp;</strong>the files from the zip file to your web directory of your server (including the modified database.php file).</li>\n\t<li>\t\tGo to your browser and type something like http://youwebsite.com/install</li>\n\t<li>\t\tFollow the installation steps.</li>\n\t<li>\t\tWhen the installation has been finished it is recommended to remove the application/controllers/Install.php file from your server after that you are able to login to the admin panel with the login details you entered. The admin panel can be found at http://yourwebsite.com/admin.</li>\n\t<li>\t\tWhen everything is done you need to change the directory permissions of the &quot;uploads/&quot; directory to write permission, you can do this by using FileZilla or your web based file manager.</li>\n\t<li>\t\tWhen the permission has been changed you need to create a cron job the points to the url &quot;http://yourdomain.com/cron&quot;. You can create a cron job by using cPanel, Plesk. The cron job needs to run between every 1 to 5 minutes. You can use this as command:&nbsp;<span style=\"color: rgb(199, 37, 78); font-family: Monaco, Menlo, Consolas, 'Courier New', monospace; font-size: 10.8000001907349px; line-height: 15.4285717010498px; white-space: nowrap; background-color: rgb(249, 242, 244);\">wget -q --spider http://yourdomain.com/cron&nbsp;<span style=\"background-color: rgb(255, 255, 255); color: rgb(34, 34, 34); font-family: Arial, Verdana, sans-serif; font-size: 12px;\">(Don&#39;t forget to change the path to your own) the path to your cronjob file depends on your hosting provider, if need help finding your path please contact your hosting provider.</span></span></li>\n</ol>\n<p>\t&nbsp; &nbsp; &nbsp; &nbsp; &nbsp; &nbsp;Tutsplus tutorial about how to setup cron jobs&nbsp;http://code.tutsplus.com/tutorials/managing-cron-jobs-with-php--net-19428</p>\n<p>\t&nbsp;</p>\n<p>\t&nbsp;</p>\n<p>\t&nbsp;</p>\n"},{"title": "Settings","id": "settings","content": "<h2>\n\tGeneral settings:</h2>\n<p>\t&nbsp;</p>\n<p>\t<strong>#Site name:</strong></p>\n<p>\tThis is the name of your website this will be show on different places like emails and headers.</p>\n<p>\t&nbsp;</p>\n<p>\t<strong>#Site title:</strong></p>\n<p>\tThis is the title of your website this will be show on browser tabs and used by search engines.</p>\n<p>\t&nbsp;</p>\n<p>\t<strong>#Site description:</strong></p>\n<p>\tYou can fill in your desciption of your website this will be used by search engines like Google.</p>\n<p>\t&nbsp;</p>\n<p>\t<strong>#Logo path:</strong></p>\n<p>\tThis is the path to the logo image, the logo image will &nbsp;be show on the home page of Droppy. If you want to go a directory up use &quot;../&quot; eg: &quot;../images/test.png&quot;.</p>\n<p>\t&nbsp;</p>\n<p>\t<strong>#Favicon path:</strong></p>\n<p>\tThis is the path to your favicon image, The favicon image will &nbsp;be show in the tab of a browser. If you want to go a directory up use &quot;../&quot; eg: &quot;../images/test.png&quot;.</p>\n<p>\t&nbsp;</p>\n<p>\t<strong>#Backgrounds:</strong></p>\n<p>\tThis is the path to your background image, The background image will &nbsp;be show on background of the home page. If you want to go a directory up use &quot;../&quot; eg: &quot;../images/test.png&quot;.</p>\n<p>\t&nbsp;</p>\n<p>\t<strong>#Language:</strong></p>\n<p>\tThis is the path/name of your language file, it is English.php by default but you can also change it to something else. Please not the you need to place a language file in the language directory (&quot;config/language/&quot;).</p>\n<p>\t&nbsp;</p>\n<p>\t<strong>#Expire time:</strong></p>\n<p>\tThis is the time that it takes before a file/files gets destroyed. Please note that you need to have your cron job ready else it won&#39;t work.</p>\n<p>\t&nbsp;</p>\n<p>\t<strong>#Max upload size:</strong></p>\n<p>\tThis is the maximum amount (MB) a user can upload. Your maximum upload size also depends on your settings in your php.ini file.</p>\n<p>\t&nbsp;</p>\n<p>\t<strong>#Upload directory:</strong></p>\n<p>\tThis is the path to your upload directory. Do not forget to add &quot;/&quot; on the end. To go a directory up please use &quot;../&quot; eg: &quot;../test/uploads/&quot;</p>\n<p>\t&nbsp;</p>\n<h2>\n\tEmail settings:</h2>\n<p>\t&nbsp;</p>\n<p>\t<strong>#Email from:</strong></p>\n<p>\tThis is the email where the email is coming from something like noreply@proxibolt.com.</p>\n<p>\t&nbsp;</p>\n<p>\t<strong>#Email from name:</strong></p>\n<p>\tThis is the name of the sender where the email is coming from something like: No-Reply Proxibolt.</p>\n<p>\t&nbsp;</p>\n<p>\t<strong>#Email server:</strong></p>\n<p>\tYou can change this to Local (You local email server) or (SMTP) a extern email server.</p>\n<p>\t&nbsp;</p>\n<h2>\n\tEmail templates:</h2>\n<p>\tHere you can change the messages of the emails to your own. You can use variables to output some values. Use it like:</p>\n<pre style=\"color: rgb(56, 56, 56); line-height: normal;\">\nDear {email_to},\n\nYou have received some files ({total_files).\nYou have {expire_time} till it gets destroyed.\n\n<b>Files:</b>\n{file_list}\n<b>Send to:</b>\n{email_list}\n\nThanks for using {site_name}\n\nBest regards,\n{site_name}\n\n</pre>\n<p style=\"margin: 18px 0px; padding: 0px; border: 0px; outline: 0px; font-family: Arial, verdana, arial, sans-serif; vertical-align: baseline; line-height: 1.5em; color: rgb(56, 56, 56);\">\n\t<span style=\"margin: 0px; padding: 0px; border: 0px; outline: 0px; font-weight: 700; font-style: inherit; font-family: inherit; vertical-align: baseline;\">#E-Mail receivers:</span></p>\n<p style=\"margin: 18px 0px; padding: 0px; border: 0px; outline: 0px; font-family: Arial, verdana, arial, sans-serif; vertical-align: baseline; line-height: 1.5em; color: rgb(56, 56, 56);\">\n\tThis is the message that would be send to the receivers of the file(s). You can use the following variables:</p>\n<pre style=\"color: rgb(56, 56, 56); line-height: normal;\">\n{email_to}\n{email_from}\n{size}\n{site_name}\n{upload_id}\n{message}\n{total_files}\n{download_btn}\n{download_url}\n{password}\n{expire_time}\n{file_list}\n{email_list}\n</pre>\n<p style=\"margin: 18px 0px; padding: 0px; border: 0px; outline: 0px; font-family: Arial, verdana, arial, sans-serif; vertical-align: baseline; line-height: 1.5em; color: rgb(56, 56, 56);\">\n\t<span style=\"margin: 0px; padding: 0px; border: 0px; outline: 0px; font-weight: 700; font-style: inherit; font-family: inherit; vertical-align: baseline;\">#Email sender:</span></p>\n<p style=\"margin: 18px 0px; padding: 0px; border: 0px; outline: 0px; font-family: Arial, verdana, arial, sans-serif; vertical-align: baseline; line-height: 1.5em; color: rgb(56, 56, 56);\">\n\tThis is the message that would be send to the sender of the file(s). You can use the following variables:</p>\n<pre style=\"color: rgb(56, 56, 56); line-height: normal;\">\n{email_from}\n{size}\n{site_name}\n{upload_id}\n{message}\n{total_files}\n{download_btn}\n{download_url}\n{password}\n{expire_time}\n{file_list}\n{email_list}\n</pre>\n<p style=\"margin: 18px 0px; padding: 0px; border: 0px; outline: 0px; font-family: Arial, verdana, arial, sans-serif; vertical-align: baseline; line-height: 1.5em; color: rgb(56, 56, 56);\">\n\t<span style=\"margin: 0px; padding: 0px; border: 0px; outline: 0px; font-weight: 700; font-style: inherit; font-family: inherit; vertical-align: baseline;\">#Email destroyed:</span></p>\n<p style=\"margin: 18px 0px; padding: 0px; border: 0px; outline: 0px; font-family: Arial, verdana, arial, sans-serif; vertical-align: baseline; line-height: 1.5em; color: rgb(56, 56, 56);\">\n\tThis is the email that would be send to the send when his file(s) has been destroyed. You can use the following variables</p>\n<pre style=\"color: rgb(56, 56, 56); line-height: normal;\">\n{email_from}\n{size}\n{site_name}\n{upload_id}\n{message}\n{total_files}\n{download_btn}\n{download_url}\n{password}\n{expire_time}\n{file_list}\n{email_list}\n</pre>\n<p style=\"margin: 18px 0px; padding: 0px; border: 0px; outline: 0px; font-family: Arial, verdana, arial, sans-serif; vertical-align: baseline; line-height: 1.5em; color: rgb(56, 56, 56);\">\n\t<span style=\"margin: 0px; padding: 0px; border: 0px; outline: 0px; font-weight: 700; font-style: inherit; font-family: inherit; vertical-align: baseline;\">#Email file downloaded:</span></p>\n<p style=\"margin: 18px 0px; padding: 0px; border: 0px; outline: 0px; font-family: Arial, verdana, arial, sans-serif; vertical-align: baseline; line-height: 1.5em; color: rgb(56, 56, 56);\">\n\tThis is the email that is being send to the transmitter when a recipient is downloading the file. You can use the following variables.</p>\n<pre style=\"color: rgb(56, 56, 56); line-height: normal;\">\n{download_email}\n{email_from}\n{size}\n{site_name}\n{upload_id}\n{message}\n{total_files}\n{download_btn}\n{download_url}\n{password}\n{expire_time}\n{file_list}\n{email_list}</pre>\n<h2>\n\tSocial settings:</h2>\n<p>\tHere you can fill in your links to your social accounts. When empty the link will not be showed on the home page.</p>\n<p>\t&nbsp;</p>\n"},{"title": "Translation","id": "translation","content": "<p>\tIf you want you can translate Droppy to your own language by using the translate file.</p>\n<p>\tGo to &quot;application/language/&quot; and dublicate the &quot;english&quot; directory and change the directory name to your language something like &quot;dutch&quot;. Open the &quot;dutch&quot; directory and then open one of the php files inside file and change the english sentences to your own Only change the text BEHIND the arrow.</p>\n<p>\t&nbsp;</p>\n<p>\t<img alt=\"\" src=\"https://www.dropbox.com/s/48x8qkbfs1xi4zm/translate_droppy.png?dl=1\" style=\"width: 601px; height: 400px;\"></p>\n"},{"title": "Errors/Trouble shoot","id": "errors_trouble_shoot","content": "<p>\tQ: &nbsp;I am getting a white screen when I&#39;m going to my website.</p>\n<p>\tA: Did you installed Droppy properly ? And check if all the table exists (It should be a total of 7 tables)</p>\n<p>\t&nbsp;</p>\n<p>\tQ: My upload says that it has been uploaded but the files don&#39;t exist on my server.</p>\n<p>\tA: Check you &quot;uploads/&quot; directroy permissions it should be 777 (0777)</p>\n<p>\t&nbsp;</p>\n<p>\tSee more frequently asked questions in our FAQ&nbsp;http://support.proxibolt.com/hc/en-us/categories/200495571-Support</p>\n<p>\t&nbsp;</p>\n<p>\tIf you have any other problems please contact us <a href=\"http://support.proxibolt.com\">here</a>.</p>\n"},{"title": "Changelog","id": "changelog","content": "<pre>\n</pre>\n<pre style=\"box-sizing: border-box; overflow-y: hidden; overflow-x: visible; font-family: Monaco, 'Courier New', 'DejaVu Sans Mono', 'Bitstream Vera Sans Mono', monospace; font-size: 11px; margin-top: 0px; margin-bottom: 20px; color: rgb(51, 51, 51); font-stretch: normal; white-space: pre-wrap; word-wrap: break-word; -webkit-background-size: 38px; border-color: rgb(197, 197, 197); padding: 0px 0px 0px 4px; background-image: linear-gradient(rgb(244, 244, 244) 50%, rgb(229, 229, 229) 50%); background-color: rgb(244, 244, 244); background-size: 38px 38px;\">\nV 1.0.6 (10 June, 2015) * Improved: New upload system * Improved: New download system * Improved: URL privacy (No emails in the URL anymore) * Improved: Windows OS improvements * Added: Possible to sort table views in admin panel * Added: Possible to view all the rows in tables * Added: Option to automatically destroy file after certain amount of reports * Added: Option to change the password and email of the admin user * Added: Option to restore admin password * Fixed: Small minor bug fixes V 1.0.5 (4 April, 2015) * Fixed: Minor bug fixes V 1.0.4 (30 March, 2015) * Added: Upload report system. * Added: Social button links will now open in a new tab * Added: Variable {download_btn}. * Added: Variable {password}. * Added: Clickable file id to uploads and downloads table in the admin panel. * Added: Social buttons to all pages. * Added: Social buttons will now open into a new tab. * Added: Email when receiver has downloaded the file(s). * Added: Error message when file size to large. * Fixed: File names in a zip file will now be their old name. * Fixed: Problems that not all the files were zipped into one zip file. * Fixed: Some meta tags improvements. * Improved: Better styling for the receivers section on upload page. * Improved: Some styling and error messages. * Improved: Responsive improvements. * Improved: Uploading function. V 1.0.3 (11 March 2015) * Fixed: Bug droppy not working with subdirectory. * Fixed: Some email template character coding. * Fixed: Some little bugs. * Added: {email_to} tag to the email templates. * Added: Social buttons to the download page. * Added: Option to admin panel to update your current url. * Change: Made some small changes to the translation. V 1.0.2 (8 March, 2015) * Fixed: &quot;-&quot; and &quot;,&quot; not working propperly in filename. * Fixed: Social logo settings not working properly. * Fixed: Upload settings section not closing/opening in some browsers. * Fixed: Success message when user clicks the download button. * Fixed: UTF-8 coding in email templates settings (Russian language etc.) * Fixed: Translation bug. * Added: Multiple website backgrounds with live update after set seconds. * Added: Clickable background url per background image. * Added: Email when destruct upload from admin panel * Added: German translation. * Added: Function to disallow specific file types * Added: Download page in the admin panel. * Added: {password} option added to email templates * Changed: Replaced the social buttons (For future plans). V-1.0.1 (3 March, 2015) * Fixed: Some errors and bug fixes. * Fixed: Email bug. * Fixed: Translation bug. V-1.0 (2 March, 2015) * Release</pre>\n"}],"use_sub": false,"logo": "https://src.proxibolt.com/droppy/logo-new.png","favicon": "","customcss": "","easing": "swing","easingduration": "1656","bgimage": "","bgrepeat": "repeat","bgattachment": "scroll","bgcolor": "FFFFFF","textcolor": "383838","linkcolor": "0000FF","hrcolor1": "EBEBEB","hrcolor2": "FFFFFF","btncolor": "FFFFFF","btncolor1": "0088CC","btncolor2": "0044CC","sidebarbgimage": "","sidebarbgrepeat": "repeat","sidebarbgcolor": "DDDDDD","sidebartextcolor": "222222","sidebarlinkcolor": "444444","sidebaractivecolor": "444444","sidebaractivetextcolor": "DDDDDD","sidebarhrcolor1": "AAAAAA","sidebarhrcolor2": "EEEEEE","cufon": "","documentationttype": "default","itemURL": "","sendJSON": "","sendZIP": "","sendPWD": "","cke_89_uiElement": false,"cke_92_uiElement": false}